哀,カスタム名詞,アイ
愛,カスタム名詞,アイ
相いれない,カスタム名詞,アイイレナイ
哀感,カスタム名詞,アイカン
愛敬,カスタム名詞,アイキョウ
愛好,カスタム名詞,アイコウ
哀愁,カスタム名詞,アイシュウ
愛執,カスタム名詞,アイシュウ
哀傷,カスタム名詞,アイショウ
愛情,カスタム名詞,アイジョウ
愛する,カスタム名詞,アイスル
哀惜,カスタム名詞,アイセキ
哀切,カスタム名詞,アイセツ
愛想を尽かす,カスタム名詞,アイソオツカス
愛着,カスタム名詞,アイチャク
哀悼,カスタム名詞,アイトウ
愛慕,カスタム名詞,アイボ
愛欲,カスタム名詞,アイヨク
愛らしい,カスタム名詞,アイラシイ
青息吐息,カスタム名詞,アオイキトイキ
仰ぐ,カスタム名詞,アオグ
青筋を立てる,カスタム名詞,アオスジヲタテル
赤恥,カスタム名詞,アカッパジ
赤らむ,カスタム名詞,アカラム
赤らめる,カスタム名詞,アカラメル
崇める,カスタム名詞,アガメル
飽き飽き,カスタム名詞,アキアキ
飽き足りる,カスタム名詞,アキタリル
諦め,カスタム名詞,アキラメ
諦める,カスタム名詞,アキラメル
飽きる,カスタム名詞,アキル
呆れ返る,カスタム名詞,アキレカエル
呆れ果てる,カスタム名詞,アキレハテル
呆れる,カスタム名詞,アキレル
悪感情,カスタム名詞,アクカンジョウ
倦む,カスタム名詞,アグム
憧れ,カスタム名詞,アコガレ
憧れる,カスタム名詞,アコガレル
浅ましい,カスタム名詞,アサマシイ
嘲る,カスタム名詞,アザケル
味気ない,カスタム名詞,アジケナイ
焦り,カスタム名詞,アセリ
焦る,カスタム名詞,アセル
唖然,カスタム名詞,アゼン
頭にくる,カスタム名詞,アタマニクル
頭を悩ませる,カスタム名詞,アタマヲナヤマセル
当たり散らす,カスタム名詞,アタリチラス
あッ,カスタム名詞,アッ
あっけない,カスタム名詞,アッケナイ
呆気に取られる,カスタム名詞,アッケニトラレル
圧迫感,カスタム名詞,アッパクカン
熱い,カスタム名詞,アツイ
熱いものがこみ上げる,カスタム名詞,アツイモノガコミアゲル
厚かましい,カスタム名詞,アツカマシイ
熱くなる,カスタム名詞,アツクナル
暑苦しい,カスタム名詞,アツクルシイ
後味が良くない,カスタム名詞,アトアジガヨクナイ
後味が宜しくない,カスタム名詞,アトアジガヨロシクナイ
後味が悪い,カスタム名詞,アトアジガワルイ
侮る,カスタム名詞,アナドル
阿鼻叫喚,カスタム名詞,アビキョウカン
危ない,カスタム名詞,アブナイ
あほらしい,カスタム名詞,アホラシイ
荒々しい,カスタム名詞,アラアラシイ
あらッ,カスタム名詞,アラッ
ありがたい,カスタム名詞,アリガタイ
ありがたみ,カスタム名詞,アリガタミ
ありがた迷惑,カスタム名詞,アリガタメイワク
ありがと,カスタム名詞,アリガト
ありがとう,カスタム名詞,アリガトウ
ありゃ,カスタム名詞,アリャ
慌てふためく,カスタム名詞,アワテフタメク
慌てる,カスタム名詞,アワテル
哀れ,カスタム名詞,アワレ
憐れ,カスタム名詞,アワレ
憐れみ,カスタム名詞,アワレミ
憐れむ,カスタム名詞,アワレム
安逸,カスタム名詞,アンイツ
暗鬱,カスタム名詞,アンウツ
安閑,カスタム名詞,アンカン
案外,カスタム名詞,アンガイ
安心,カスタム名詞,アンシン
案ずる,カスタム名詞,アンズル
暗然,カスタム名詞,アンゼン
安息感,カスタム名詞,アンソクカン
暗澹,カスタム名詞,アンタン
安定,カスタム名詞,アンテイ
安堵,カスタム名詞,アンド
安寧,カスタム名詞,アンネイ
安楽,カスタム名詞,アンラク
怡怡,カスタム名詞,イイ
言い寄る,カスタム名詞,イイヨル
いかがわしい,カスタム名詞,イカガワシイ
厳つい,カスタム名詞,イカツイ
怒らす,カスタム名詞,イカラス
怒り,カスタム名詞,イカリ
怒りが爆発する,カスタム名詞,イカリガバクハツスル
怒り狂う,カスタム名詞,イカリクルウ
遺憾,カスタム名詞,イカン
意外,カスタム名詞,イガイ
啀み合う,カスタム名詞,イガミアウ
啀む,カスタム名詞,イガム
息を詰める,カスタム名詞,イキオツメル
息が詰まる,カスタム名詞,イキガツマル
息苦しい,カスタム名詞,イキグルシイ
息苦しさ,カスタム名詞,イキグルシサ
意気軒昂,カスタム名詞,イキケンコウ
意気消沈,カスタム名詞,イキショウチン
憤り,カスタム名詞,イキドオリ
憤る,カスタム名詞,イキドオル
行き悩む,カスタム名詞,イキナヤム
生き恥,カスタム名詞,イキハジ
息巻く,カスタム名詞,イキマク
熱り立つ,カスタム名詞,イキリタツ
息を飲む,カスタム名詞,イキヲノム
息を潜める,カスタム名詞,イキヲヒソメル
いけ好かない,カスタム名詞,イケスカナイ
いけ図々しい,カスタム名詞,イケズウズウシイ
依怙地になる,カスタム名詞,イコジニナル
遺恨,カスタム名詞,イコン
勇ましい,カスタム名詞,イサマシイ
意趣,カスタム名詞,イシュ
萎縮,カスタム名詞,イシュク
意地汚い,カスタム名詞,イジキタナイ
意地悪,カスタム名詞,イジワル
いそいそ,カスタム名詞,イソイソ
意想外,カスタム名詞,イソウガイ
痛い,カスタム名詞,イタイ
痛々しい,カスタム名詞,イタイタシイ
居た堪れない,カスタム名詞,イタタマレナイ
痛ましい,カスタム名詞,イタマシイ
痛み,カスタム名詞,イタミ
痛み入る,カスタム名詞,イタミイル
悼む,カスタム名詞,イタム
痛める,カスタム名詞,イタメル
いちゃもんを付ける,カスタム名詞,イチャモンヲツケル
一憂,カスタム名詞,イチユウ
一喜,カスタム名詞,イッキ
一驚,カスタム名詞,イッキョウ
慈しみ,カスタム名詞,イツクシミ
慈しむ,カスタム名詞,イツクシム
逸楽,カスタム名詞,イツラク
厭う,カスタム名詞,イトウ
愛おしい,カスタム名詞,イトオシイ
愛おしむ,カスタム名詞,イトオシム
愛しい,カスタム名詞,イトシイ
愛しがる,カスタム名詞,イトシガル
愛しさ,カスタム名詞,イトシサ
厭わしい,カスタム名詞,イトワシイ
厭わしさ,カスタム名詞,イトワシサ
畏怖,カスタム名詞,イフ
忌忌しい,カスタム名詞,イマイマシイ
忌忌しがる,カスタム名詞,イマイマシガル
忌まわしい,カスタム名詞,イマワシイ
忌み嫌う,カスタム名詞,イミキラウ
忌む,カスタム名詞,イム
嫌,カスタム名詞,イヤ
厭,カスタム名詞,イヤ
厭厭,カスタム名詞,イヤイヤ
厭がる,カスタム名詞,イヤガル
嫌気,カスタム名詞,イヤケ
卑しい,カスタム名詞,イヤシイ
卑しむ,カスタム名詞,イヤシム
嫌味,カスタム名詞,イヤミ
厭らしい,カスタム名詞,イヤラシイ
苛苛しい,カスタム名詞,イライラシイ
苛苛する,カスタム名詞,イライラスル
苛立たしい,カスタム名詞,イラダタシイ
苛立たしさ,カスタム名詞,イラダタシサ
苛立ち,カスタム名詞,イラダチ
苛立つ,カスタム名詞,イラダツ
苛立てる,カスタム名詞,イラダテル
色を失う,カスタム名詞,イロヲウシナウ
色をなす,カスタム名詞,イロヲナス
陰鬱,カスタム名詞,インウツ
陰気,カスタム名詞,インキ
陰気臭い,カスタム名詞,インキクサイ
陰惨,カスタム名詞,インサン
陰湿,カスタム名詞,インシツ
浮かされる,カスタム名詞,ウカサレル
浮かぬ顔,カスタム名詞,ウカヌカオ
浮かれる,カスタム名詞,ウカレル
浮き足立つ,カスタム名詞,ウキアシタツ
うきうきする,カスタム名詞,ウキウキスル
浮き立つ,カスタム名詞,ウキタツ
憂き目,カスタム名詞,ウキメ
憂さ,カスタム名詞,ウサ
胡散臭い,カスタム名詞,ウサンクサイ
後ろめたい,カスタム名詞,ウシロメタイ
後ろめたさ,カスタム名詞,ウシロメタサ
薄気味悪い,カスタム名詞,ウスキミワルイ
薄汚い,カスタム名詞,ウスギタナイ
うずうず,カスタム名詞,ウズウズ
打ち萎れる,カスタム名詞,ウチシオレル
打ち拉がれる,カスタム名詞,ウチヒシガレル
有頂天,カスタム名詞,ウチョウテン
鬱気,カスタム名詞,ウッキ
鬱屈,カスタム名詞,ウックツ
鬱散,カスタム名詞,ウッサン
鬱積,カスタム名詞,ウッセキ
鬱陶しい,カスタム名詞,ウットウシイ
鬱陶しさ,カスタム名詞,ウットウシサ
うっとり,カスタム名詞,ウットリ
鬱憤,カスタム名詞,ウップン
鬱,カスタム名詞,ウツ
鬱鬱と,カスタム名詞,ウツウツト
俯き,カスタム名詞,ウツムキ
俯く,カスタム名詞,ウツムク
鬱悶,カスタム名詞,ウツモン
虚,カスタム名詞,ウツロ
疎ましい,カスタム名詞,ウトマシイ
疎む,カスタム名詞,ウトム
疎んじる,カスタム名詞,ウトンジル
疎んずる,カスタム名詞,ウトンズル
美味い,カスタム名詞,ウマイ
旨い,カスタム名詞,ウマイ
上手い,カスタム名詞,ウマイ
呻き声,カスタム名詞,ウメキゴエ
呻く,カスタム名詞,ウメク
敬う,カスタム名詞,ウヤマウ
うら悲しい,カスタム名詞,ウラガナシイ
うら淋しい,カスタム名詞,ウラサビシイ
うら寂しい,カスタム名詞,ウラサビシイ
恨み,カスタム名詞,ウラミ
恨みがましい,カスタム名詞,ウラミガマシイ
恨む,カスタム名詞,ウラム
恨めしい,カスタム名詞,ウラメシイ
恨めしがる,カスタム名詞,ウラメシガル
恨めしく思う,カスタム名詞,ウラメシクオモウ
羨ましい,カスタム名詞,ウラヤマシイ
羨ましがる,カスタム名詞,ウラヤマシガル
羨む,カスタム名詞,ウラヤム
五月蝿い,カスタム名詞,ウルサイ
麗しい,カスタム名詞,ウルワシイ
憂い,カスタム名詞,ウレイ
愁い,カスタム名詞,ウレイ
愁え,カスタム名詞,ウレイ
憂える,カスタム名詞,ウレエル
嬉しい,カスタム名詞,ウレシイ
嬉しかった,カスタム名詞,ウレシカッタ
嬉しがらせ,カスタム名詞,ウレシガラセ
嬉しがらせる,カスタム名詞,ウレシガラセル
嬉しがる,カスタム名詞,ウレシガル
嬉しさ,カスタム名詞,ウレシサ
嬉し泣き,カスタム名詞,ウレシナキ
嬉し涙,カスタム名詞,ウレシナミダ
嬉しみ,カスタム名詞,ウレシミ
憂わしい,カスタム名詞,ウレワシイ
狼狽える,カスタム名詞,ウロタエル
上擦る,カスタム名詞,ウワズル
うんざり,カスタム名詞,ウンザリ
詠嘆,カスタム名詞,エイタン
笑顔,カスタム名詞,エガオ
依怙贔屓,カスタム名詞,エコヒイキ
えッ,カスタム名詞,エッ
悦,カスタム名詞,エツ
笑壺に入る,カスタム名詞,エツボニハイル
悦楽,カスタム名詞,エツラク
恵比寿顔,カスタム名詞,エビスガオ
笑み,カスタム名詞,エミ
笑む,カスタム名詞,エム
厭悪,カスタム名詞,エンオ
怨恨,カスタム名詞,エンコン
怨嗟,カスタム名詞,エンサ
怨色,カスタム名詞,エンショク
えーっ,カスタム名詞,エーッ
おいおい,カスタム名詞,オイオイ
美味しい,カスタム名詞,オイシイ
謳歌,カスタム名詞,オウカ
嘔吐,カスタム名詞,オウト
懊悩,カスタム名詞,オウノウ
大恥,カスタム名詞,オウハジ
大喜び,カスタム名詞,オウヨロコビ
嗚咽,カスタム名詞,オエツ
おぉ,カスタム名詞,オォ
おお,カスタム名詞,オオ
男男しい,カスタム名詞,オオシイ
岡惚れ,カスタム名詞,オカボレ
岡焼き,カスタム名詞,オカヤキ
御気に入り,カスタム名詞,オキニイリ
お気に入り,カスタム名詞,オキニハイリ
臆する,カスタム名詞,オクスル
臆病,カスタム名詞,オクビョウ
臆面,カスタム名詞,オクメン
臆面もなく,カスタム名詞,オクメンモナク
怒らせる,カスタム名詞,オコラセル
怒り出す,カスタム名詞,オコリダス
怒り付ける,カスタム名詞,オコリツケル
怒る,カスタム名詞,オコル
惜しい,カスタム名詞,オシイ
惜しがる,カスタム名詞,オシガル
惜し気,カスタム名詞,オシゲ
押し付けがましい,カスタム名詞,オシツケガマシイ
惜しむ,カスタム名詞,オシム
怖気付く,カスタム名詞,オジケツク
汚辱,カスタム名詞,オジョク
恐る恐る,カスタム名詞,オソルオソル
恐れ,カスタム名詞,オソレ
恐れ入る,カスタム名詞,オソレイル
恐れ多い,カスタム名詞,オソレオオイ
恐れる,カスタム名詞,オソレル
恐ろしい,カスタム名詞,オソロシイ
恐ろしがる,カスタム名詞,オソロシガル
恐ろしさ,カスタム名詞,オソロシサ
おぞましい,カスタム名詞,オゾマシイ
落ち着かない,カスタム名詞,オチツカナイ
落ち着き,カスタム名詞,オチツキ
落ち着き払う,カスタム名詞,オチツキハラウ
落ち着く,カスタム名詞,オチツク
落ち着ける,カスタム名詞,オチツケル
おっ,カスタム名詞,オッ
おっかない,カスタム名詞,オッカナイ
躍り上がる,カスタム名詞,オドリアガル
おどろおどろしい,カスタム名詞,オドロオドロシイ
驚かす,カスタム名詞,オドロカス
驚き,カスタム名詞,オドロキ
驚き呆れる,カスタム名詞,オドロキアキレル
驚き入る,カスタム名詞,オドロキイル
驚く,カスタム名詞,オドロク
戦き,カスタム名詞,オノノキ
戦く,カスタム名詞,オノノク
怯え,カスタム名詞,オビエ
怯え切る,カスタム名詞,オビエキル
怯える,カスタム名詞,オビエル
思し召す,カスタム名詞,オボシメス
溺れる,カスタム名詞,オボレル
怖めず臆せず,カスタム名詞,オメズオクセズ
おめでたい,カスタム名詞,オメデタイ
おめでとう,カスタム名詞,オメデトウ
おもいがけない,カスタム名詞,オモイガケナイ
思い屈する,カスタム名詞,オモイクッスル
思い焦がれる,カスタム名詞,オモイコガレル
思い詰める,カスタム名詞,オモイツメル
思い悩む,カスタム名詞,オモイナヤム
思い残す,カスタム名詞,オモイノコス
思いの外,カスタム名詞,オモイノホカ
思い惑う,カスタム名詞,オモイマドウ
思い迷う,カスタム名詞,オモイマヨウ
思いも寄らず,カスタム名詞,オモイモヨラズ
思いも寄らない,カスタム名詞,オモイモヨラナイ
思いも寄らぬ,カスタム名詞,オモイモヨラヌ
思い遣り,カスタム名詞,オモイヤリ
思い遣る,カスタム名詞,オモイヤル
思い煩う,カスタム名詞,オモイワズラウ
重苦しい,カスタム名詞,オモクルシイ
重苦しさ,カスタム名詞,オモクルシサ
面白い,カスタム名詞,オモシロイ
面白かった,カスタム名詞,オモシロカッタ
面白がる,カスタム名詞,オモシロガル
面白くない,カスタム名詞,オモシロクナイ
面憎い,カスタム名詞,オモニクイ
重荷を下ろす,カスタム名詞,オモニヲオロス
面映い,カスタム名詞,オモハユイ
おもろい,カスタム名詞,オモロイ
重んじる,カスタム名詞,オモンジル
親心,カスタム名詞,オヤゴコロ
おろおろ,カスタム名詞,オロオロ
愚か,カスタム名詞,オロカ
おろかしい,カスタム名詞,オロカシイ
愚かしい,カスタム名詞,オロカシイ
恩愛,カスタム名詞,オンアイ
恩寵,カスタム名詞,オンチョウ
怨念,カスタム名詞,オンネン
快感,カスタム名詞,カイカン
怪奇,カスタム名詞,カイキ
懐旧,カスタム名詞,カイキュウ
懐郷,カスタム名詞,カイキョウ
懐古,カスタム名詞,カイコ
悔恨,カスタム名詞,カイコン
悔悟,カスタム名詞,カイゴ
快哉,カスタム名詞,カイサイ
快楽,カスタム名詞,カイラク
顔を赤らめる,カスタム名詞,カオオアカラメル
顔を隠す,カスタム名詞,カオオカクス
顔を曇らせる,カスタム名詞,カオオクモラセル
顔をしかめる,カスタム名詞,カオオシカメル
顔から火が出る,カスタム名詞,カオカラヒガデル
顔が火照る,カスタム名詞,カオガホテル
掻き暗れる,カスタム名詞,カキクレル
掻き毟られる,カスタム名詞,カキムシラレル
隔意,カスタム名詞,カクイ
鶴首,カスタム名詞,カクシュ
嚇怒,カスタム名詞,カクド
かぐわしい,カスタム名詞,カグワシイ
陰る,カスタム名詞,カゲル
風向きが悪い,カスタム名詞,カザムキガワルイ
畏まる,カスタム名詞,カシコマル
呵責,カスタム名詞,カシャク
片恨み,カスタム名詞,カタウラミ
肩を落とす,カスタム名詞,カタオオトス
片想い,カスタム名詞,カタオモイ
固くなる,カスタム名詞,カタクナル
堅苦しい,カスタム名詞,カタクルシイ
かたじけない,カスタム名詞,カタジケナイ
肩の荷が下りる,カスタム名詞,カタノニガオリル
片腹痛い,カスタム名詞,カタハライタイ
肩身が狭い,カスタム名詞,カタミガセマイ
肩身が広い,カスタム名詞,カタミガヒロイ
かちっと来る,カスタム名詞,カチットクル
勝ち誇る,カスタム名詞,カチホコル
隔靴掻痒,カスタム名詞,カッカソウヨウ
かったるい,カスタム名詞,カッタルイ
渇望,カスタム名詞,カツボウ
哀しい,カスタム名詞,カナシイ
悲しい,カスタム名詞,カナシイ
悲しがる,カスタム名詞,カナシガル
悲しさ,カスタム名詞,カナシサ
哀しさ,カスタム名詞,カナシサ
悲しまれる,カスタム名詞,カナシマレル
悲しみ,カスタム名詞,カナシミ
悲しむ,カスタム名詞,カナシム
叶わない,カスタム名詞,カナワナイ
雷に打たれる,カスタム名詞,カミナリニウタレル
絡む,カスタム名詞,カラム
軽がろしい,カスタム名詞,カロガロシイ
軽んじる,カスタム名詞,カロンジル
軽んずる,カスタム名詞,カロンズル
可愛がる,カスタム名詞,カワイガル
可哀想,カスタム名詞,カワイソウ
奸悪,カスタム名詞,カンアク
感悦,カスタム名詞,カンエツ
感慨,カスタム名詞,カンガイ
感慨無量,カスタム名詞,カンガイムリョウ
汗顔,カスタム名詞,カンガン
歓喜,カスタム名詞,カンキ
感泣,カスタム名詞,カンキュウ
感興,カスタム名詞,カンキョウ
感極まる,カスタム名詞,カンキワマル
艱苦,カスタム名詞,カンク
感激,カスタム名詞,カンゲキ
歓呼,カスタム名詞,カンコ
感謝,カスタム名詞,カンシャ
癇癪,カスタム名詞,カンシャク
感傷,カスタム名詞,カンショウ
歓笑,カスタム名詞,カンショウ
歓心,カスタム名詞,カンシン
寒心,カスタム名詞,カンシン
感心,カスタム名詞,カンシン
莞爾,カスタム名詞,カンジ
感じ入る,カスタム名詞,カンジイル
感情的,カスタム名詞,カンジョウテキ
感情を害する,カスタム名詞,カンジョウヲガイスル
感情を昂らせる,カスタム名詞,カンジョウヲタカブラセル
歓声,カスタム名詞,カンセイ
感嘆,カスタム名詞,カンタン
歓天喜地,カスタム名詞,カンテンキチ
感動,カスタム名詞,カンドウ
感に堪える,カスタム名詞,カンニコタエル
癇に障る,カスタム名詞,カンニサワル
感に堪えない,カスタム名詞,カンニタエナイ
勘忍袋の緒が切れる,カスタム名詞,カンニンブクロノオガキレル
感服,カスタム名詞,カンプク
感無量,カスタム名詞,カンムリョウ
感銘,カスタム名詞,カンメイ
寛容,カスタム名詞,カンヨウ
歓楽,カスタム名詞,カンラク
感涙,カスタム名詞,カンルイ
歓を尽くす,カスタム名詞,カンヲツクス
賀意,カスタム名詞,ガイ
慨然,カスタム名詞,ガイゼン
慨嘆,カスタム名詞,ガイタン
愕然,カスタム名詞,ガクゼン
がっかり,カスタム名詞,ガッカリ
がっくり,カスタム名詞,ガックリ
我慢ならない,カスタム名詞,ガマンナラナイ
がみがみ,カスタム名詞,ガミガミ
がめつい,カスタム名詞,ガメツイ
気鬱,カスタム名詞,キウツ
消え入りたい,カスタム名詞,キエイリタイ
喜悦,カスタム名詞,キエツ
気後れ,カスタム名詞,キオクレ
気落ち,カスタム名詞,キオチ
気を揉む,カスタム名詞,キオモム
気を悪くする,カスタム名詞,キオワルクスル
気がある,カスタム名詞,キガアル
気が置かれる,カスタム名詞,キガオカレル
気が重い,カスタム名詞,キガオモイ
気懸かり,カスタム名詞,キガカリ
気が軽い,カスタム名詞,キガカルイ
気が気でない,カスタム名詞,キガキデナイ
気が沈む,カスタム名詞,キガシズム
気が急く,カスタム名詞,キガセク
気が立つ,カスタム名詞,キガタツ
気が咎める,カスタム名詞,キガトガメル
気兼ね,カスタム名詞,キガネ
気が引き締まる,カスタム名詞,キガヒキシマル
気が参る,カスタム名詞,キガマイル
気が滅入る,カスタム名詞,キガメイル
気が揉める,カスタム名詞,キガモメル
気が緩む,カスタム名詞,キガユルム
気が楽,カスタム名詞,キガラク
気軽,カスタム名詞,キガル
気軽い,カスタム名詞,キガルイ
嬉嬉,カスタム名詞,キキ
聞き苦しい,カスタム名詞,キキグルシイ
聞き捨てならない,カスタム名詞,キキズテナラナイ
聞き辛い,カスタム名詞,キキズライ
聞きにくい,カスタム名詞,キキニクイ
危懼,カスタム名詞,キク
危惧,カスタム名詞,キグ
気苦労,カスタム名詞,キグロウ
危険,カスタム名詞,キケン
機嫌好い,カスタム名詞,キゲンヨイ
きざっぽい,カスタム名詞,キザッポイ
気障り,カスタム名詞,キザワリ
キショい,カスタム名詞,キショイ
喜色,カスタム名詞,キショク
気色が悪い,カスタム名詞,キショクガワルイ
気色を害する,カスタム名詞,キショクヲガイスル
気色を悪くする,カスタム名詞,キショクヲワルクスル
傷痕,カスタム名詞,キズアト
気遣い,カスタム名詞,キズカイ
気遣う,カスタム名詞,キズカウ
気遣わしい,カスタム名詞,キズカワシイ
傷付く,カスタム名詞,キズツク
気忙しい,カスタム名詞,キゼワシイ
気忙しさ,カスタム名詞,キゼワシサ
汚い,カスタム名詞,キタナイ
汚らしい,カスタム名詞,キタナラシイ
狐に撮まれたよう,カスタム名詞,キツネニツママレタヨウ
気詰まり,カスタム名詞,キヅマリ
気に入る,カスタム名詞,キニイル
気に食わない,カスタム名詞,キニクワナイ
気に障る,カスタム名詞,キニサワル
気になる,カスタム名詞,キニナル
気に入らない,カスタム名詞,キニハイラナイ
気に病む,カスタム名詞,キニヤム
気抜け,カスタム名詞,キヌケ
気の毒,カスタム名詞,キノドク
気恥ずかしい,カスタム名詞,キハズカシイ
気恥ずかしさ,カスタム名詞,キハズカシサ
厳しい,カスタム名詞,キビシイ
気塞ぎ,カスタム名詞,キフサギ
気分が和む,カスタム名詞,キブンガナゴム
気分が弾む,カスタム名詞,キブンガハズム
気まずい,カスタム名詞,キマズイ
気まずさ,カスタム名詞,キマズサ
きまりが悪い,カスタム名詞,キマリガワルイ
気味が悪い,カスタム名詞,キミガワルイ
気味悪い,カスタム名詞,キミワルイ
気味悪さ,カスタム名詞,キミワルサ
気持ちいい,カスタム名詞,キモチイイ
気持ちが傷付けられる,カスタム名詞,キモチガキズツケラレル
気持ちが沈む,カスタム名詞,キモチガシズム
気持ちが和む,カスタム名詞,キモチガナゴム
気持ちが晴れる,カスタム名詞,キモチガハレル
気持ちが晴れ渡る,カスタム名詞,キモチガハレワタル
気持ちが好い,カスタム名詞,キモチガヨイ
気持ちが悪くなる,カスタム名詞,キモチガワルクナル
気持ちの好いものではない,カスタム名詞,キモチノヨイモノデワナイ
気持ちよい,カスタム名詞,キモチヨイ
気持ち良い,カスタム名詞,キモチヨイ
気持ち悪い,カスタム名詞,キモチワルイ
肝を潰す,カスタム名詞,キモヲツブス
肝を冷やす,カスタム名詞,キモヲヒヤス
きゃあ,カスタム名詞,キャア
キャッ,カスタム名詞,キャッ
気安い,カスタム名詞,キヤスイ
窮屈,カスタム名詞,キュウクツ
窮する,カスタム名詞,キュウスル
杞憂,カスタム名詞,キユウ
驚異,カスタム名詞,キョウイ
恐悦,カスタム名詞,キョウエツ
恭賀,カスタム名詞,キョウガ
驚愕,カスタム名詞,キョウガク
驚懼,カスタム名詞,キョウガク
興が醒める,カスタム名詞,キョウガサメル
興がる,カスタム名詞,キョウガル
狂喜,カスタム名詞,キョウキ
驚喜,カスタム名詞,キョウキ
恟恟,カスタム名詞,キョウキョウ
恐懼,カスタム名詞,キョウク
恐慌,カスタム名詞,キョウコウ
興醒め,カスタム名詞,キョウザメ
興趣,カスタム名詞,キョウシュ
郷愁,カスタム名詞,キョウシュウ
恐縮,カスタム名詞,キョウシュク
興じる,カスタム名詞,キョウジル
驚嘆,カスタム名詞,キョウタン
驚天動地,カスタム名詞,キョウテンドウチ
驚倒,カスタム名詞,キョウトウ
恐怖,カスタム名詞,キョウフ
驚怖,カスタム名詞,キョウフ
恐怖感,カスタム名詞,キョウフカン
凶暴,カスタム名詞,キョウボウ
興味深い,カスタム名詞,キョウミブカイ
享楽,カスタム名詞,キョウラク
狂恋,カスタム名詞,キョウレン
虚心坦懐,カスタム名詞,キョシンタンカイ
虚脱感,カスタム名詞,キョダツカン
きょときょと,カスタム名詞,キョトキョト
きょとんとする,カスタム名詞,キョトントスル
虚無,カスタム名詞,キョム
嫌い,カスタム名詞,キライ
嫌う,カスタム名詞,キラウ
気楽,カスタム名詞,キラク
気を腐らせる,カスタム名詞,キヲクサラセル
気を呑まれる,カスタム名詞,キヲノマレル
欣快,カスタム名詞,キンカイ
欣喜,カスタム名詞,キンキ
欣喜雀躍,カスタム名詞,キンキジャクヤク
欣欣,カスタム名詞,キンキン
欣幸,カスタム名詞,キンコウ
欣然,カスタム名詞,キンゼン
緊張,カスタム名詞,キンチョウ
緊張感,カスタム名詞,キンチョウカン
緊張がほどける,カスタム名詞,キンチョウガホドケル
緊迫,カスタム名詞,キンパク
欣慕,カスタム名詞,キンボ
欣躍,カスタム名詞,キンヤク
疑懼,カスタム名詞,ギク
ぎくっ,カスタム名詞,ギクッ
ぎくり,カスタム名詞,ギクリ
ぎっくり,カスタム名詞,ギックリ
義憤,カスタム名詞,ギフン
ぎゃあ,カスタム名詞,ギャア
逆上,カスタム名詞,ギャクジョウ
仰天,カスタム名詞,ギョウテン
御慶,カスタム名詞,ギョケイ
ぎょっとする,カスタム名詞,ギョットスル
苦,カスタム名詞,ク
悔い,カスタム名詞,クイ
悔いる,カスタム名詞,クイル
空虚,カスタム名詞,クウキョ
臭い,カスタム名詞,クサイ
腐る,カスタム名詞,クサル
くしゃくしゃな顔,カスタム名詞,クシャクシャナカオ
苦笑,カスタム名詞,クショウ
苦渋,カスタム名詞,クジュウ
くすくす,カスタム名詞,クスクス
くすぐったい,カスタム名詞,クスグッタイ
くだらない,カスタム名詞,クダラナイ
口煩い,カスタム名詞,クチウルサイ
口惜しい,カスタム名詞,クチオシイ
くちぎたない,カスタム名詞,クチギタナイ
唇を噛む,カスタム名詞,クチビルオカム
くちやかましい,カスタム名詞,クチヤカマシイ
苦衷,カスタム名詞,クチュウ
喰って掛かる,カスタム名詞,クッテカカル
苦痛,カスタム名詞,クツウ
屈辱,カスタム名詞,クツジョク
屈辱感,カスタム名詞,クツジョクカン
寛ぎ,カスタム名詞,クツロギ
寛ぐ,カスタム名詞,クツログ
寛げる,カスタム名詞,クツロゲル
くどい,カスタム名詞,クドイ
苦悩,カスタム名詞,クノウ
首っ丈,カスタム名詞,クビッタケ
首をすくめる,カスタム名詞,クビヲスクメル
曇る,カスタム名詞,クモル
苦悶,カスタム名詞,クモン
悔しい,カスタム名詞,クヤシイ
悔しがる,カスタム名詞,クヤシガル
悔しさ,カスタム名詞,クヤシサ
悔し泣き,カスタム名詞,クヤシナキ
悔し涙,カスタム名詞,クヤシナミダ
悔み,カスタム名詞,クヤミ
悔む,カスタム名詞,クヤム
くよくよ,カスタム名詞,クヨクヨ
暗い,カスタム名詞,クライ
狂い怒る,カスタム名詞,クルイオコル
苦しい,カスタム名詞,クルシイ
苦しさ,カスタム名詞,クルシサ
苦しみ,カスタム名詞,クルシミ
苦しみ悶える,カスタム名詞,クルシミモダエル
苦しむ,カスタム名詞,クルシム
苦労,カスタム名詞,クロウ
具合が悪い,カスタム名詞,グアイガワルイ
具合悪い,カスタム名詞,グアイワルイ
愚図愚図,カスタム名詞,グズグズ
愚図る,カスタム名詞,グズル
ぐっと来る,カスタム名詞,グットクル
敬愛,カスタム名詞,ケイアイ
慶賀,カスタム名詞,ケイガ
慶祝,カスタム名詞,ケイシュク
慶する,カスタム名詞,ケイスル
傾倒,カスタム名詞,ケイトウ
敬服,カスタム名詞,ケイフク
敬慕,カスタム名詞,ケイボ
気圧される,カスタム名詞,ケオサレル
汚らわしい,カスタム名詞,ケガラワシイ
毛嫌い,カスタム名詞,ケギライ
気色ばむ,カスタム名詞,ケシキバム
懸想,カスタム名詞,ケソウ
気怠い,カスタム名詞,ケダルイ
血相を変える,カスタム名詞,ケッソウヲカエル
血涙,カスタム名詞,ケツルイ
懸念,カスタム名詞,ケネン
けばけばしい,カスタム名詞,ケバケバシイ
煙い,カスタム名詞,ケムイ
煙たい,カスタム名詞,ケムタイ
けろっ,カスタム名詞,ケロッ
けろり,カスタム名詞,ケロリ
慊焉,カスタム名詞,ケンエン
倦厭,カスタム名詞,ケンエン
嫌悪,カスタム名詞,ケンオ
嫌悪感,カスタム名詞,ケンオカン
嫌忌,カスタム名詞,ケンキ
倦怠,カスタム名詞,ケンタイ
倦怠感,カスタム名詞,ケンタイカン
権幕,カスタム名詞,ケンマク
激越,カスタム名詞,ゲキエツ
激語,カスタム名詞,ゲキゴ
激賞,カスタム名詞,ゲキショウ
激情,カスタム名詞,ゲキジョウ
激する,カスタム名詞,ゲキスル
激怒,カスタム名詞,ゲキド
激憤,カスタム名詞,ゲキフン
逆鱗に触れる,カスタム名詞,ゲキリンニフレル
げっ,カスタム名詞,ゲッ
激昂,カスタム名詞,ゲッコウ
げっそり,カスタム名詞,ゲッソリ
下品,カスタム名詞,ゲヒン
下劣,カスタム名詞,ゲレツ
元気,カスタム名詞,ゲンキ
減退,カスタム名詞,ゲンタイ
げんなり,カスタム名詞,ゲンナリ
幻滅,カスタム名詞,ゲンメツ
恋,カスタム名詞,コイ
恋い焦がれる,カスタム名詞,コイコガレル
恋心,カスタム名詞,コイゴコロ
恋しい,カスタム名詞,コイシイ
恋しさ,カスタム名詞,コイシサ
恋する,カスタム名詞,コイスル
冀う,カスタム名詞,コイネガウ
恋う,カスタム名詞,コウ
厚意,カスタム名詞,コウイ
好意,カスタム名詞,コウイ
光栄,カスタム名詞,コウエイ
厚恩,カスタム名詞,コウオン
後悔,カスタム名詞,コウカイ
交歓,カスタム名詞,コウカン
好感,カスタム名詞,コウカン
慷慨,カスタム名詞,コウガイ
好機,カスタム名詞,コウキ
耿耿,カスタム名詞,コウコウ
恍惚,カスタム名詞,コウコツ
恍惚感,カスタム名詞,コウコツカン
厚志,カスタム名詞,コウシ
昂進,カスタム名詞,コウシン
厚情,カスタム名詞,コウジョウ
困じる,カスタム名詞,コウジル
困ずる,カスタム名詞,コウズル
昂然,カスタム名詞,コウゼン
浩然,カスタム名詞,コウゼン
紅潮,カスタム名詞,コウチョウ
幸福,カスタム名詞,コウフク
幸福感,カスタム名詞,コウフクカン
公憤,カスタム名詞,コウフン
興奮,カスタム名詞,コウフン
昂揚,カスタム名詞,コウヨウ
荒涼,カスタム名詞,コウリョウ
紅涙,カスタム名詞,コウルイ
小煩い,カスタム名詞,コウルサイ
声を荒立てる,カスタム名詞,コエオアラダテル
声が潤む,カスタム名詞,コエガウルム
小躍り,カスタム名詞,コオドリ
焦がれる,カスタム名詞,コガレル
小汚い,カスタム名詞,コギタナイ
酷悪,カスタム名詞,コクアク
焦げ臭い,カスタム名詞,コゲクサイ
心地良い,カスタム名詞,ココチヨイ
心地良さ,カスタム名詞,ココチヨサ
心憂い,カスタム名詞,ココロウレイ
心後れ,カスタム名詞,ココロオクレ
心悲しい,カスタム名詞,ココロカナシイ
心悲しさ,カスタム名詞,ココロカナシサ
心が痛む,カスタム名詞,ココロガイタム
心が動かされる,カスタム名詞,ココロガウゴカサレル
心が重い,カスタム名詞,ココロガオモイ
心懸かり,カスタム名詞,ココロガカリ
心が傷付く,カスタム名詞,ココロガキズツク
心が傷付けられる,カスタム名詞,ココロガキズツケラレル
心が弾む,カスタム名詞,ココロガハズム
心が張り詰める,カスタム名詞,ココロガハリツメル
心が細る,カスタム名詞,ココロガホソル
心苦しい,カスタム名詞,ココログルシイ
心苦しさ,カスタム名詞,ココログルシサ
心淋しい,カスタム名詞,ココロサビシイ
心遣い,カスタム名詞,ココロズカイ
心強い,カスタム名詞,ココロズヨイ
心憎い,カスタム名詞,ココロニクイ
心の痛み,カスタム名詞,ココロノイタミ
心の傷,カスタム名詞,ココロノキズ
心残り,カスタム名詞,ココロノコリ
心細い,カスタム名詞,ココロボソイ
心細さ,カスタム名詞,ココロボソサ
心持ちが好くない,カスタム名詞,ココロモチガヨクナイ
心持ちが悪い,カスタム名詞,ココロモチガワルイ
心許ない,カスタム名詞,ココロモトナイ
心安い,カスタム名詞,ココロヤスイ
心行く,カスタム名詞,ココロユク
快い,カスタム名詞,ココロヨイ
快く思わない,カスタム名詞,ココロヨクオモワナイ
心を奪われる,カスタム名詞,ココロヲウバワレル
心を砕く,カスタム名詞,ココロヲクダク
心を遣る,カスタム名詞,ココロヲヤル
小淋しい,カスタム名詞,コサビシイ
小賢しい,カスタム名詞,コザカシイ
腰を抜かす,カスタム名詞,コシオヌカス
小癪,カスタム名詞,コシャク
小突かれる,カスタム名詞,コズカレル
姑息,カスタム名詞,コソク
こそばゆい,カスタム名詞,コソバユイ
小面憎い,カスタム名詞,コヅラニクイ
孤独,カスタム名詞,コドク
孤独感,カスタム名詞,コドクカン
小憎らしい,カスタム名詞,コニクラシイ
好ましい,カスタム名詞,コノマシイ
好ましさ,カスタム名詞,コノマシサ
好まない,カスタム名詞,コノマナイ
好み,カスタム名詞,コノミ
好む,カスタム名詞,コノム
困り切る,カスタム名詞,コマリキル
困り抜く,カスタム名詞,コマリヌク
困り果てる,カスタム名詞,コマリハテル
困る,カスタム名詞,コマル
小難しい,カスタム名詞,コムズカシイ
小やかましい,カスタム名詞,コヤカマシイ
こらぁ,カスタム名詞,コラァ
懲り懲り,カスタム名詞,コリゴリ
怖,カスタム名詞,コワ
怖い,カスタム名詞,コワイ
恐い,カスタム名詞,コワイ
怖がる,カスタム名詞,コワガル
怖怖,カスタム名詞,コワゴワ
恐恐,カスタム名詞,コワゴワ
怖さ,カスタム名詞,コワサ
強張る,カスタム名詞,コワバル
困却,カスタム名詞,コンキャク
困窮,カスタム名詞,コンキュウ
困苦,カスタム名詞,コンク
困惑,カスタム名詞,コンワク
合歓,カスタム名詞,ゴウカン
号泣,カスタム名詞,ゴウキュウ
号哭,カスタム名詞,ゴウコク
業腹,カスタム名詞,ゴウハラ
強欲,カスタム名詞,ゴウヨク
業を煮やす,カスタム名詞,ゴウヲニヤス
御機嫌,カスタム名詞,ゴキゲン
ゴメン,カスタム名詞,ゴメン
最愛,カスタム名詞,サイアイ
最悪,カスタム名詞,サイアク
再燃,カスタム名詞,サイネン
幸い,カスタム名詞,サイワイ
逆恨み,カスタム名詞,サカウラミ
蔑む,カスタム名詞,サゲスム
差出がましい,カスタム名詞,サシデシガマシイ
殺気立つ,カスタム名詞,サッキタツ
さっぱり,カスタム名詞,サッパリ
さばさば,カスタム名詞,サバサバ
寂しい,カスタム名詞,サビシイ
淋しい,カスタム名詞,サビシイ
淋しがる,カスタム名詞,サビシガル
淋しさ,カスタム名詞,サビシサ
寒気,カスタム名詞,サムケ
寒寒,カスタム名詞,サムザム
さめざめ,カスタム名詞,サメザメ
冷める,カスタム名詞,サメル
騒がしい,カスタム名詞,サワガシイ
騒ぎ立つ,カスタム名詞,サワギタツ
爽やか,カスタム名詞,サワヤカ
鑽仰,カスタム名詞,サンギョウ
讃嘆,カスタム名詞,サンタン
三拝九拝,カスタム名詞,サンパイキュウハイ
慚愧,カスタム名詞,ザンキ
残念,カスタム名詞,ザンネン
幸せ,カスタム名詞,シアワセ
私怨,カスタム名詞,シエン
しおしお,カスタム名詞,シオシオ
しかめっ面,カスタム名詞,シカメッツラ
しかめる,カスタム名詞,シカメル
叱り付ける,カスタム名詞,シカリツケル
叱り飛ばす,カスタム名詞,シカリトバス
叱る,カスタム名詞,シカル
しくしく,カスタム名詞,シクシク
四苦八苦,カスタム名詞,シクハック
嗜好,カスタム名詞,シコウ
至情,カスタム名詞,シジョウ
静まる,カスタム名詞,シズマル
沈み込む,カスタム名詞,シズミコム
沈む,カスタム名詞,シズム
慕い寄る,カスタム名詞,シタイヨル
慕う,カスタム名詞,シタウ
舌打ち,カスタム名詞,シタウチ
親しみ,カスタム名詞,シタシミ
親しむ,カスタム名詞,シタシム
したり顔,カスタム名詞,シタリガオ
慕わしい,カスタム名詞,シタワシイ
七面倒臭い,カスタム名詞,シチメンドウクサイ
嫉視,カスタム名詞,シッシ
叱責,カスタム名詞,シッセキ
叱咤,カスタム名詞,シッタ
失墜感,カスタム名詞,シッツイカン
嫉妬,カスタム名詞,シット
失意,カスタム名詞,シツイ
しつこい,カスタム名詞,シツコイ
失望,カスタム名詞,シツボウ
失望感,カスタム名詞,シツボウカン
失恋,カスタム名詞,シツレン
忍び泣き,カスタム名詞,シノビナキ
忍び泣く,カスタム名詞,シノビナク
偲ぶ,カスタム名詞,シノブ
痺れる,カスタム名詞,シビレル
私憤,カスタム名詞,シフン
渋る,カスタム名詞,シブル
思慕,カスタム名詞,シボ
湿っぽい,カスタム名詞,シメッポイ
湿っぽさ,カスタム名詞,シメッポサ
湿る,カスタム名詞,シメル
謝意,カスタム名詞,シャイ
癪,カスタム名詞,シャク
癪に障る,カスタム名詞,シャクニサワル
しゃくり上げる,カスタム名詞,シャクリアゲル
しゃくり泣き,カスタム名詞,シャクリナキ
醜悪,カスタム名詞,シュウアク
秋思,カスタム名詞,シュウシ
愁思,カスタム名詞,シュウシ
愁傷,カスタム名詞,シュウショウ
周章,カスタム名詞,シュウショウ
周章狼狽,カスタム名詞,シュウショウロウバイ
愁色,カスタム名詞,シュウショク
愁然,カスタム名詞,シュウゼン
愁訴,カスタム名詞,シュウソ
愁嘆,カスタム名詞,シュウタン
羞恥,カスタム名詞,シュウチ
羞恥心,カスタム名詞,シュウチシン
祝着,カスタム名詞,シュウチャク
愁眉,カスタム名詞,シュウビ
愁眉を開く,カスタム名詞,シュウビヲヒラク
秋風落莫,カスタム名詞,シュウフウラクバク
祝意,カスタム名詞,シュクイ
宿怨,カスタム名詞,シュクエン
祝賀,カスタム名詞,シュクガ
祝する,カスタム名詞,シュクスル
朱を注ぐ,カスタム名詞,シュヲソソグ
春愁,カスタム名詞,シュンシュウ
鍾愛,カスタム名詞,ショウアイ
憧憬,カスタム名詞,ショウケイ
衝撃,カスタム名詞,ショウゲキ
悄悄,カスタム名詞,ショウショウ
悄悄と,カスタム名詞,ショウショウト
傷心,カスタム名詞,ショウシン
焦心,カスタム名詞,ショウシン
憔悴,カスタム名詞,ショウスイ
悚然,カスタム名詞,ショウゼン
悄然,カスタム名詞,ショウゼン
焦躁,カスタム名詞,ショウソウ
賞嘆,カスタム名詞,ショウタン
悄沈,カスタム名詞,ショウチン
焦慮,カスタム名詞,ショウリョ
性悪,カスタム名詞,ショウワル
食指を動かす,カスタム名詞,ショクシオウゴカス
食傷,カスタム名詞,ショクショウ
悄気返る,カスタム名詞,ショゲカエル
悄気る,カスタム名詞,ショゲル
ショッキング,カスタム名詞,ショッキング
ショック,カスタム名詞,ショック
しょぼしょぼ,カスタム名詞,ショボショボ
しょぼたれる,カスタム名詞,ショボタレル
しょんぼり,カスタム名詞,ションボリ
白ける,カスタム名詞,シラケル
しらける,カスタム名詞,シラケル
親愛,カスタム名詞,シンアイ
震撼,カスタム名詞,シンカン
心外,カスタム名詞,シンガイ
震駭,カスタム名詞,シンガイ
辛気臭い,カスタム名詞,シンキクサイ
呻吟,カスタム名詞,シンギン
辛苦,カスタム名詞,シンク
神経が張り詰める,カスタム名詞,シンケイガハリツメル
深謝,カスタム名詞,シンシャ
心酔,カスタム名詞,シンスイ
親善,カスタム名詞,シンゼン
心臓が止まる,カスタム名詞,シンゾウガトマル
心中穏やかでない,カスタム名詞,シンチュウオダヤカデナイ
心痛,カスタム名詞,シンツウ
しんどい,カスタム名詞,シンドイ
心配,カスタム名詞,シンパイ
心服,カスタム名詞,シンプク
しんみり,カスタム名詞,シンミリ
心労,カスタム名詞,シンロウ
辛労,カスタム名詞,シンロウ
慈愛,カスタム名詞,ジアイ
じいんと,カスタム名詞,ジイント
自棄,カスタム名詞,ジキ
自虐,カスタム名詞,ジギャク
忸怩,カスタム名詞,ジクジ
自己嫌悪,カスタム名詞,ジコケンオ
自失,カスタム名詞,ジシツ
ジジくさい,カスタム名詞,ジジクサイ
自若,カスタム名詞,ジジャク
自責,カスタム名詞,ジセキ
地団太を踏む,カスタム名詞,ジダンダオフム
自嘲,カスタム名詞,ジチョウ
慈悲,カスタム名詞,ジヒ
自暴自棄,カスタム名詞,ジボウジキ
自慢たらしい,カスタム名詞,ジマンタラシイ
じめじめ,カスタム名詞,ジメジメ
寂然,カスタム名詞,ジャクネン
雀躍,カスタム名詞,ジャクヤク
邪魔,カスタム名詞,ジャマ
邪魔くさい,カスタム名詞,ジャマクサイ
充実感,カスタム名詞,ジュウジツカン
情,カスタム名詞,ジョウ
情愛,カスタム名詞,ジョウアイ
情炎,カスタム名詞,ジョウエン
上気,カスタム名詞,ジョウキ
上機嫌,カスタム名詞,ジョウキゲン
情熱,カスタム名詞,ジョウネツ
情欲,カスタム名詞,ジョウヨク
焦らす,カスタム名詞,ジラス
じりじり,カスタム名詞,ジリジリ
焦れったい,カスタム名詞,ジレッタイ
焦れったがる,カスタム名詞,ジレッタガル
焦れったさ,カスタム名詞,ジレッタサ
焦れる,カスタム名詞,ジレル
仁愛,カスタム名詞,ジンアイ
すうっと,カスタム名詞,スウット
末恐ろしい,カスタム名詞,スエオソロシイ
すえたのもしい,カスタム名詞,スエタノモシイ
好かない,カスタム名詞,スカナイ
清々しい,カスタム名詞,スガスガシイ
好き,カスタム名詞,スキ
好き好む,カスタム名詞,スキコノム
救われる,カスタム名詞,スクワレル
すごすご,カスタム名詞,スゴスゴ
荒む,カスタム名詞,スサム
啜り上げる,カスタム名詞,ススリアゲル
啜り泣き,カスタム名詞,ススリナキ
啜り泣く,カスタム名詞,ススリナク
すっきり,カスタム名詞,スッキリ
素っ頓狂,カスタム名詞,スットンキョウ
捨て台詞,カスタム名詞,ステゼリフ
捨て鉢,カスタム名詞,ステバチ
素晴らしい,カスタム名詞,スバラシイ
すまん,カスタム名詞,スマン
随喜,カスタム名詞,ズイキ
図々しい,カスタム名詞,ズウズウシイ
杜撰,カスタム名詞,ズサン
清清,カスタム名詞,セイセイ
凄絶,カスタム名詞,セイゼツ
凄愴,カスタム名詞,セイソウ
青天の霹靂,カスタム名詞,セイテンノヘキレキ
積怨,カスタム名詞,セキエン
急き込む,カスタム名詞,セキコム
寂莫,カスタム名詞,セキバク
寂莫感,カスタム名詞,セキバクカン
積憤,カスタム名詞,セキフン
赤面,カスタム名詞,セキメン
寂寥,カスタム名詞,セキリョウ
寂寥感,カスタム名詞,セキリョウカン
せこい,カスタム名詞,セコイ
背筋が氷つく,カスタム名詞,セスジガコオリツク
背筋が凍る,カスタム名詞,セスジガコオル
世知辛い,カスタム名詞,セチツライ
切ない,カスタム名詞,セツナイ
切ない思い,カスタム名詞,セツナイオモイ
切なさ,カスタム名詞,セツナサ
狭苦しい,カスタム名詞,セマクルシイ
責め苦,カスタム名詞,セメク
戦意,カスタム名詞,センイ
戦々恐々,カスタム名詞,センセンキョウキョウ
センチメンタル,カスタム名詞,センチメンタル
羨望,カスタム名詞,センボウ
旋毛を曲げる,カスタム名詞,センモウヲマゲル
戦慄,カスタム名詞,センリツ
戦慄感,カスタム名詞,センリツカン
鮮烈,カスタム名詞,センレツ
絶句,カスタム名詞,ゼック
絶好調,カスタム名詞,ゼッコウチョウ
絶体絶命,カスタム名詞,ゼッタイゼツメイ
絶頂感,カスタム名詞,ゼッチョウカン
絶望,カスタム名詞,ゼツボウ
粗悪,カスタム名詞,ソアク
壮快,カスタム名詞,ソウカイ
爽快,カスタム名詞,ソウカイ
総毛立つ,カスタム名詞,ソウケタツ
相好を崩す,カスタム名詞,ソウゴウヲクズス
相思相愛,カスタム名詞,ソウシソウアイ
壮絶,カスタム名詞,ソウゼツ
騒々しい,カスタム名詞,ソウゾウシイ
蒼白,カスタム名詞,ソウハク
爽涼,カスタム名詞,ソウリョウ
惻隠,カスタム名詞,ソクイン
沮喪,カスタム名詞,ソソウ
嫉み,カスタム名詞,ソネミ
嫉む,カスタム名詞,ソネム
空恐ろしい,カスタム名詞,ソラオソロシイ
空恐ろしさ,カスタム名詞,ソラオソロシサ
空空しい,カスタム名詞,ソラゾラシイ
空恥ずかしい,カスタム名詞,ソラハズカシイ
空喜び,カスタム名詞,ソラヨロコビ
そわそわ,カスタム名詞,ソワソワ
憎悪,カスタム名詞,ゾウオ
憎悪感,カスタム名詞,ゾウオカン
俗悪,カスタム名詞,ゾクアク
ぞくぞくする,カスタム名詞,ゾクゾクスル
俗っぽい,カスタム名詞,ゾクッポイ
ぞっこん,カスタム名詞,ゾッコン
ぞっとしない,カスタム名詞,ゾットシナイ
ぞっとする,カスタム名詞,ゾットスル
存外,カスタム名詞,ゾンガイ
大慶,カスタム名詞,タイケイ
大切,カスタム名詞,タイセツ
泰然,カスタム名詞,タイゼン
泰然自若,カスタム名詞,タイゼンジジャク
大息,カスタム名詞,タイソク
怠惰,カスタム名詞,タイダ
高鳴る,カスタム名詞,タカナル
高飛車,カスタム名詞,タカビシャ
昂り,カスタム名詞,タカブリ
昂,カスタム名詞,タカブリ
昂ぶる,カスタム名詞,タカブル
高笑い,カスタム名詞,タカワライ
多岐亡羊,カスタム名詞,タキボウヨウ
たくましい,カスタム名詞,タクマシイ
猛り狂う,カスタム名詞,タケリクルウ
猛り立つ,カスタム名詞,タケリタツ
猛る,カスタム名詞,タケル
多謝,カスタム名詞,タシャ
たじたじ,カスタム名詞,タジタジ
たじろぐ,カスタム名詞,タジログ
助かりました,カスタム名詞,タスカリマシタ
助かります,カスタム名詞,タスカリマス
立ち竦む,カスタム名詞,タチスクム
愉しい,カスタム名詞,タノシイ
楽しい,カスタム名詞,タノシイ
楽しかった,カスタム名詞,タノシカッタ
楽しがる,カスタム名詞,タノシガル
楽しさ,カスタム名詞,タノシサ
楽しみ,カスタム名詞,タノシミ
楽しむ,カスタム名詞,タノシム
頼もしい,カスタム名詞,タノモシイ
たまげる,カスタム名詞,タマゲル
魂を奪われたよう,カスタム名詞,タマシイヲウバワレタヨウ
堪らない,カスタム名詞,タマラナイ
堪り兼ねる,カスタム名詞,タマリカネル
溜息,カスタム名詞,タメイキ
ため息をつく,カスタム名詞,タメイキヲツク
躊躇い,カスタム名詞,タメライ
躊躇う,カスタム名詞,タメラウ
揺蕩う,カスタム名詞,タユタウ
弛み,カスタム名詞,タユミ
弛む,カスタム名詞,タユム
頼り無い,カスタム名詞,タヨリナイ
頼りなさ,カスタム名詞,タヨリナサ
嘆賞,カスタム名詞,タンショウ
嘆じる,カスタム名詞,タンジル
嘆ずる,カスタム名詞,タンズル
嘆声,カスタム名詞,タンセイ
嘆息,カスタム名詞,タンソク
淡淡,カスタム名詞,タンタン
耽溺,カスタム名詞,タンデキ
嘆美,カスタム名詞,タンビ
大悦,カスタム名詞,ダイエツ
大嫌い,カスタム名詞,ダイキライ
大事,カスタム名詞,ダイジ
大好き,カスタム名詞,ダイスキ
惰気,カスタム名詞,ダキ
ダサい,カスタム名詞,ダサイ
だらしない,カスタム名詞,ダラシナイ
怠い,カスタム名詞,ダルイ
だるい,カスタム名詞,ダルイ
だれ気味,カスタム名詞,ダレキミ
だれる,カスタム名詞,ダレル
断腸の思い,カスタム名詞,ダンチョウノオモイ
小さくなる,カスタム名詞,チイサクナル
力を落とす,カスタム名詞,チカラオオトス
力落し,カスタム名詞,チカラオトシ
力が抜ける,カスタム名詞,チカラガヌケル
力付く,カスタム名詞,チカラズク
力強い,カスタム名詞,チカラヅヨイ
力抜け,カスタム名詞,チカラヌケ
ちくちく,カスタム名詞,チクチク
縮こまる,カスタム名詞,チジコマル
縮み上がる,カスタム名詞,チジミアガル
恥辱,カスタム名詞,チジョク
恥辱感,カスタム名詞,チジョクカン
血なまぐさい,カスタム名詞,チナマグサイ
血の気が引く,カスタム名詞,チノケガヒク
血の涙,カスタム名詞,チノナミダ
血走る,カスタム名詞,チバシル
血迷う,カスタム名詞,チマヨウ
チャーミング,カスタム名詞,チャーミング
躊躇,カスタム名詞,チュウチョ
惆悵,カスタム名詞,チュウチョウ
中っ腹,カスタム名詞,チュウッパラ
寵愛,カスタム名詞,チョウアイ
弔意,カスタム名詞,チョウイ
悵然,カスタム名詞,チョウゼン
長嘆,カスタム名詞,チョウタン
沈鬱,カスタム名詞,チンウツ
鎮静,カスタム名詞,チンセイ
沈潜,カスタム名詞,チンセン
沈着,カスタム名詞,チンチャク
沈痛,カスタム名詞,チンツウ
追悼,カスタム名詞,ツイトウ
追慕,カスタム名詞,ツイボ
痛快,カスタム名詞,ツウカイ
痛快さ,カスタム名詞,ツウカイサ
痛快味,カスタム名詞,ツウカイミ
痛哭,カスタム名詞,ツウコク
痛恨,カスタム名詞,ツウコン
痛心,カスタム名詞,ツウシン
痛惜,カスタム名詞,ツウセキ
痛嘆,カスタム名詞,ツウタン
痛憤,カスタム名詞,ツウフン
痛痒,カスタム名詞,ツウヨウ
閊えが下がる,カスタム名詞,ツカエガサガル
閊えが取れる,カスタム名詞,ツカエガトレル
つまらない,カスタム名詞,ツマラナイ
つまんない,カスタム名詞,ツマンナイ
冷たい,カスタム名詞,ツメタイ
辛い,カスタム名詞,ツライ
辛さ,カスタム名詞,ツラサ
つれない,カスタム名詞,ツレナイ
つんつん,カスタム名詞,ツンツン
つんと,カスタム名詞,ツント
涕泣,カスタム名詞,テイキュウ
啼泣,カスタム名詞,テイキュウ
諦念,カスタム名詞,テイネン
涕涙,カスタム名詞,テイルイ
敵意,カスタム名詞,テキイ
敵愾心,カスタム名詞,テキガイシン
敵視,カスタム名詞,テキシ
照れ隠し,カスタム名詞,テレカクシ
照れ臭い,カスタム名詞,テレクサイ
照れ臭さ,カスタム名詞,テレクササ
照れる,カスタム名詞,テレル
溺愛,カスタム名詞,デキアイ
吐息,カスタム名詞,トイキ
陶酔,カスタム名詞,トウスイ
陶然,カスタム名詞,トウゼン
尊ぶ,カスタム名詞,トウトブ
当惑,カスタム名詞,トウワク
ときめかす,カスタム名詞,トキメカス
ときめき,カスタム名詞,トキメキ
ときめく,カスタム名詞,トキメク
得意,カスタム名詞,トクイ
とげとげしい,カスタム名詞,トゲトゲシイ
所得顏,カスタム名詞,トコロエガオ
妬心,カスタム名詞,トシン
飛び上がる,カスタム名詞,トビアガル
飛び退く,カスタム名詞,トビノク
途方に暮れる,カスタム名詞,トホウニクレル
トホホ,カスタム名詞,トホホ
戸惑い,カスタム名詞,トマドイ
戸惑う,カスタム名詞,トマドウ
取り越し苦労,カスタム名詞,トリコシクロウ
取り残される,カスタム名詞,トリノコサレル
鳥肌,カスタム名詞,トリハダ
取り乱す,カスタム名詞,トリミダス
とろい,カスタム名詞,トロイ
蕩ける,カスタム名詞,トロケル
怒,カスタム名詞,ド
動悸,カスタム名詞,ドウキ
同慶,カスタム名詞,ドウケイ
慟哭,カスタム名詞,ドウコク
瞠若,カスタム名詞,ドウジャク
同情,カスタム名詞,ドウジョウ
動じる,カスタム名詞,ドウジル
動顛,カスタム名詞,ドウテン
胴震い,カスタム名詞,ドウブルイ
瞠目,カスタム名詞,ドウモク
動揺,カスタム名詞,ドウヨウ
怒気,カスタム名詞,ドキ
どきっ,カスタム名詞,ドキッ
どきどき,カスタム名詞,ドキドキ
どきり,カスタム名詞,ドキリ
どきん,カスタム名詞,ドキン
どぎつい,カスタム名詞,ドギツイ
どぎまぎ,カスタム名詞,ドギマギ
度肝を抜かれる,カスタム名詞,ドギモヲヌカレル
怒号,カスタム名詞,ドゴウ
怒声,カスタム名詞,ドセイ
怒鳴り込む,カスタム名詞,ドナリコム
怒鳴り散らす,カスタム名詞,ドナリチラス
怒鳴り付ける,カスタム名詞,ドナリツケル
怒鳴る,カスタム名詞,ドナル
怒罵,カスタム名詞,ドバ
どよめく,カスタム名詞,ドヨメク
どんより,カスタム名詞,ドンヨリ
萎え萎む,カスタム名詞,ナエシボム
萎える,カスタム名詞,ナエル
長たらしい,カスタム名詞,ナガタラシイ
泣き,カスタム名詞,ナキ
泣き明かす,カスタム名詞,ナキアカス
泣き顔,カスタム名詞,ナキガオ
泣き崩れる,カスタム名詞,ナキクズレル
泣き暮らす,カスタム名詞,ナキクラス
泣き暮れる,カスタム名詞,ナキクレル
泣き込む,カスタム名詞,ナキコム
泣き声,カスタム名詞,ナキゴエ
泣き叫ぶ,カスタム名詞,ナキサケブ
泣き沈む,カスタム名詞,ナキシズム
泣きじゃくる,カスタム名詞,ナキジャクル
泣きたい,カスタム名詞,ナキタイ
泣き出す,カスタム名詞,ナキダス
泣き付く,カスタム名詞,ナキツク
泣き面,カスタム名詞,ナキツラ
泣き泣き,カスタム名詞,ナキナキ
泣き濡れる,カスタム名詞,ナキヌレル
泣き腫らす,カスタム名詞,ナキハラス
泣き伏す,カスタム名詞,ナキフス
泣き咽ぶ,カスタム名詞,ナキムセブ
泣き別れ,カスタム名詞,ナキワカレ
泣き別れる,カスタム名詞,ナキワカレル
泣く,カスタム名詞,ナク
泣く泣く,カスタム名詞,ナクナク
泣ける,カスタム名詞,ナケル
嘆かわしい,カスタム名詞,ナゲカワシイ
嘆き,カスタム名詞,ナゲキ
嘆き明かす,カスタム名詞,ナゲキアカス
嘆き悲しむ,カスタム名詞,ナゲキカナシム
嘆く,カスタム名詞,ナゲク
和やか,カスタム名詞,ナゴヤカ
名残惜しい,カスタム名詞,ナゴリオシイ
名残惜しむ,カスタム名詞,ナゴリオシム
情けない,カスタム名詞,ナサケナイ
情けなさ,カスタム名詞,ナサケナサ
馴染む,カスタム名詞,ナジム
懐かしい,カスタム名詞,ナツカシイ
懐かしがる,カスタム名詞,ナツカシガル
懐かしさ,カスタム名詞,ナツカシサ
懐かしみ,カスタム名詞,ナツカシミ
懐かしむ,カスタム名詞,ナツカシム
懐く,カスタム名詞,ナツク
生唾を呑む,カスタム名詞,ナマツバオノム
涙,カスタム名詞,ナミダ
涙雨,カスタム名詞,ナミダアメ
涙をのむ,カスタム名詞,ナミダオノム
涙が込み上げる,カスタム名詞,ナミダガコミアゲル
涙ぐましい,カスタム名詞,ナミダグマシイ
涙ぐむ,カスタム名詞,ナミダグム
涙声,カスタム名詞,ナミダゴエ
波立つ,カスタム名詞,ナミダツ
涙に掻き暗れる,カスタム名詞,ナミダニカキクレル
涙に暮れる,カスタム名詞,ナミダニクレル
涙に咽ぶ,カスタム名詞,ナミダニムセブ
悩まされる,カスタム名詞,ナヤマサレル
悩ましい,カスタム名詞,ナヤマシイ
悩ます,カスタム名詞,ナヤマス
悩み,カスタム名詞,ナヤミ
悩む,カスタム名詞,ナヤム
馴れ馴れしい,カスタム名詞,ナレナレシイ
難渋,カスタム名詞,ナンジュウ
ナンセンス,カスタム名詞,ナンセンス
なんと,カスタム名詞,ナント
なんとまあ,カスタム名詞,ナントマア
煮え返る,カスタム名詞,ニエカエル
煮え繰り返る,カスタム名詞,ニエクリカエル
煮え立つ,カスタム名詞,ニエタツ
煮え湯を飲まされる,カスタム名詞,ニエユヲノマサレル
苦い,カスタム名詞,ニガイ
苦いものが込み上げる,カスタム名詞,ニガイモノガコミアゲル
苦手,カスタム名詞,ニガテ
苦々しい,カスタム名詞,ニガニガシイ
苦り切る,カスタム名詞,ニガリキル
苦る,カスタム名詞,ニガル
苦笑い,カスタム名詞,ニガワライ
憎い,カスタム名詞,ニクイ
憎く思う,カスタム名詞,ニククオモウ
憎しみ,カスタム名詞,ニクシミ
憎たらしい,カスタム名詞,ニクタラシイ
憎体,カスタム名詞,ニクテイ
憎々しい,カスタム名詞,ニクニクシイ
憎む,カスタム名詞,ニクム
憎らしい,カスタム名詞,ニクラシイ
憎らしさ,カスタム名詞,ニクラシサ
にこにこ,カスタム名詞,ニコニコ
にこやか,カスタム名詞,ニコヤカ
にたにた,カスタム名詞,ニタニタ
にっこり,カスタム名詞,ニッコリ
二の足を踏む,カスタム名詞,ニノアシオフム
にやにや,カスタム名詞,ニヤニヤ
にやり,カスタム名詞,ニヤリ
睨み付ける,カスタム名詞,ニラミツケル
睨む,カスタム名詞,ニラム
人情,カスタム名詞,ニンジョウ
にんまり,カスタム名詞,ニンマリ
糠喜び,カスタム名詞,ヌカヨロコビ
寝苦しい,カスタム名詞,ネグルシイ
妬ましい,カスタム名詞,ネタマシイ
妬ましがる,カスタム名詞,ネタマシガル
妬み,カスタム名詞,ネタミ
妬み憎む,カスタム名詞,ネタミニクム
妬む,カスタム名詞,ネタム
ねちっこい,カスタム名詞,ネチッコイ
熱愛,カスタム名詞,ネツアイ
熱を上げる,カスタム名詞,ネツオアゲル
熱情,カスタム名詞,ネツジョウ
熱に浮かされる,カスタム名詞,ネツニウカサレル
熱涙,カスタム名詞,ネツルイ
悩殺,カスタム名詞,ノウサツ
悩乱,カスタム名詞,ノウラン
血の気が上る,カスタム名詞,ノケガノボル
残り多い,カスタム名詞,ノコリオオイ
残り惜しい,カスタム名詞,ノコリオシイ
ノスタルジア,カスタム名詞,ノスタルジア
伸び伸び,カスタム名詞,ノビノビ
逆上せ,カスタム名詞,ノボセ
逆上せ上がる,カスタム名詞,ノボセアガル
のめり込む,カスタム名詞,ノメリコム
呪い,カスタム名詞,ノロイ
呪う,カスタム名詞,ノロウ
呪わしい,カスタム名詞,ノロワシイ
暢気,カスタム名詞,ノンキ
のんびり,カスタム名詞,ノンビリ
儚い,カスタム名詞,ハカナイ
図らずも,カスタム名詞,ハカラズモ
歯痒い,カスタム名詞,ハガユイ
剥れる,カスタム名詞,ハガレル
吐き気,カスタム名詞,ハキケ
吐気,カスタム名詞,ハキケ
歯軋り,カスタム名詞,ハギシリ
博愛,カスタム名詞,ハクアイ
激しい,カスタム名詞,ハゲシイ
はしたない,カスタム名詞,ハシタナイ
燥ぐ,カスタム名詞,ハシャグ
恥,カスタム名詞,ハジ
恥じ入る,カスタム名詞,ハジイル
恥をかく,カスタム名詞,ハジオカク
恥じらい,カスタム名詞,ハジライ
恥じらう,カスタム名詞,ハジラウ
恥じる,カスタム名詞,ハジル
恥ずかしい,カスタム名詞,ハズカシイ
恥ずかしがる,カスタム名詞,ハズカシガル
恥ずかしさ,カスタム名詞,ハズカシサ
はた迷惑,カスタム名詞,ハタメイワク
肌が粟立つ,カスタム名詞,ハダガアワダツ
肌に粟を生じる,カスタム名詞,ハダニアワヲショウジル
はっと,カスタム名詞,ハット
ハッピー,カスタム名詞,ハッピー
初恋,カスタム名詞,ハツコイ
鼻白む,カスタム名詞,ハナジロム
鼻たかだか,カスタム名詞,ハナタカダカ
はにかむ,カスタム名詞,ハニカム
腹いせ,カスタム名詞,ハライセ
腹が立つ,カスタム名詞,ハラガタツ
腹黒い,カスタム名詞,ハラグロイ
腹立たしい,カスタム名詞,ハラダタシイ
腹立たしさ,カスタム名詞,ハラダタシサ
腹立ち,カスタム名詞,ハラダチ
腹立つ,カスタム名詞,ハラダツ
腹に据え兼ねる,カスタム名詞,ハラニスエカネル
腹の虫が収まらない,カスタム名詞,ハラノムシガオサマラナイ
はらはら,カスタム名詞,ハラハラ
腸が千切れる,カスタム名詞,ハラワタガチギレル
腸を抉られる,カスタム名詞,ハラワタヲエグラレル
腹を立てる,カスタム名詞,ハラヲタテル
張り合いが抜ける,カスタム名詞,ハリアイガヌケル
晴れがましい,カスタム名詞,ハレガマシイ
晴れ晴れ,カスタム名詞,ハレバレ
晴れ晴れしい,カスタム名詞,ハレバレシイ
晴れやか,カスタム名詞,ハレヤカ
反感,カスタム名詞,ハンカン
反抗心,カスタム名詞,ハンコウシン
煩悶,カスタム名詞,ハンモン
煩労,カスタム名詞,ハンロウ
ばかくさい,カスタム名詞,バカクサイ
ばかばかしい,カスタム名詞,バカバカシイ
バカヤロー,カスタム名詞,バカヤロ−
馬鹿らしい,カスタム名詞,バカラシイ
ばっちい,カスタム名詞,バッチイ
ばつが悪い,カスタム名詞,バツガワルイ
万歳,カスタム名詞,バンザイ
悲哀,カスタム名詞,ヒアイ
悲哀感,カスタム名詞,ヒアイカン
贔屓,カスタム名詞,ヒイキ
ひいひい,カスタム名詞,ヒイヒイ
冷え切る,カスタム名詞,ヒエキル
冷え冷え,カスタム名詞,ヒエビエ
冷える,カスタム名詞,ヒエル
悲観,カスタム名詞,ヒカン
僻み,カスタム名詞,ヒガミ
僻む,カスタム名詞,ヒガム
悲泣,カスタム名詞,ヒキュウ
卑怯,カスタム名詞,ヒキョウ
悲惨,カスタム名詞,ヒサン
悲秋,カスタム名詞,ヒシュウ
悲愁,カスタム名詞,ヒシュウ
悲傷,カスタム名詞,ヒショウ
悲壮,カスタム名詞,ヒソウ
悲愴,カスタム名詞,ヒソウ
顰み,カスタム名詞,ヒソミ
卑俗,カスタム名詞,ヒゾク
悲嘆,カスタム名詞,ヒタン
悲痛,カスタム名詞,ヒツウ
一安心,カスタム名詞,ヒトアンシン
人恋しい,カスタム名詞,ヒトコイシイ
人懐こい,カスタム名詞,ヒトナツコイ
ひとりぼっち,カスタム名詞,ヒトリボッチ
酷い,カスタム名詞,ヒドイ
悲風,カスタム名詞,ヒフウ
悲憤,カスタム名詞,ヒフン
悲鳴,カスタム名詞,ヒメイ
冷や汗,カスタム名詞,ヒヤアセ
ひやっ,カスタム名詞,ヒヤッ
冷や冷や,カスタム名詞,ヒヤヒヤ
ひやり,カスタム名詞,ヒヤリ
拍子抜け,カスタム名詞,ヒョウシヌケ
表情を強張らせる,カスタム名詞,ヒョウジョウヲコワバラセル
開いた口が塞がらない,カスタム名詞,ヒライタクチガフサガラナイ
悲涙,カスタム名詞,ヒルイ
怯む,カスタム名詞,ヒルム
卑劣,カスタム名詞,ヒレツ
悲恋,カスタム名詞,ヒレン
卑猥,カスタム名詞,ヒワイ
顰蹙,カスタム名詞,ヒンシュク
びくっ,カスタム名詞,ビクッ
びくつく,カスタム名詞,ビクツク
びくびく,カスタム名詞,ビクビク
びくり,カスタム名詞,ビクリ
微笑,カスタム名詞,ビショウ
吃驚,カスタム名詞,ビックリ
吃驚仰天,カスタム名詞,ビックリギョウテン
憫察,カスタム名詞,ビンサツ
ぴくぴく,カスタム名詞,ピクピク
ぴりぴり,カスタム名詞,ピリピリ
不安,カスタム名詞,フアン
不安がる,カスタム名詞,フアンガル
不安定,カスタム名詞,フアンテイ
不快,カスタム名詞,フカイ
不快感,カスタム名詞,フカイカン
不快さ,カスタム名詞,フカイサ
腑甲斐無い,カスタム名詞,フガイナイ
不機嫌,カスタム名詞,フキゲン
不気味,カスタム名詞,フキミ
不気味さ,カスタム名詞,フキミサ
不興,カスタム名詞,フキョウ
不謹慎,カスタム名詞,フキンシン
膨れっ面,カスタム名詞,フクレッツラ
不潔,カスタム名詞,フケツ
耽る,カスタム名詞,フケル
不幸,カスタム名詞,フコウ
鬱ぎ込む,カスタム名詞,フサギコム
鬱ぐ,カスタム名詞,フサグ
伏し目,カスタム名詞,フシメ
不承不承,カスタム名詞,フショウブショウ
父性愛,カスタム名詞,フセイアイ
吹っ切れる,カスタム名詞,フッキレル
怫然,カスタム名詞,フツゼン
ふてぶてしい,カスタム名詞,フテブテシイ
腑抜け,カスタム名詞,フヌケ
不憫,カスタム名詞,フビン
不憫さ,カスタム名詞,フビンサ
不服,カスタム名詞,フフク
不平,カスタム名詞,フヘイ
不本意,カスタム名詞,フホンイ
不満,カスタム名詞,フマン
不満足,カスタム名詞,フマンゾク
不味,カスタム名詞,フミ
不面目,カスタム名詞,フメンボク
不愉快,カスタム名詞,フユカイ
不愉快感,カスタム名詞,フユカイカン
不愉快さ,カスタム名詞,フユカイサ
ふらち,カスタム名詞,フラチ
ふらふら,カスタム名詞,フラフラ
不慮,カスタム名詞,フリョ
奮い起こす,カスタム名詞,フルイオコス
奮い立つ,カスタム名詞,フルイタツ
震い付く,カスタム名詞,フルイツク
震う,カスタム名詞,フルウ
震え上がる,カスタム名詞,フルエアガル
震え戦く,カスタム名詞,フルエオノノク
震えが来る,カスタム名詞,フルエガクル
震え出す,カスタム名詞,フルエダス
震える,カスタム名詞,フルエル
憤慨,カスタム名詞,フンガイ
奮起,カスタム名詞,フンキ
憤激,カスタム名詞,フンゲキ
憤死,カスタム名詞,フンシ
憤然,カスタム名詞,フンゼン
奮然,カスタム名詞,フンゼン
憤怒,カスタム名詞,フンヌ
憤懣,カスタム名詞,フンマン
ぶうぶう,カスタム名詞,ブウブウ
不格好,カスタム名詞,ブカッコウ
無様,カスタム名詞,ブザマ
憮然,カスタム名詞,ブゼン
物騒,カスタム名詞,ブッソウ
仏頂面,カスタム名詞,ブッチョウズラ
ぶつくさ,カスタム名詞,ブツクサ
ぶるぶる,カスタム名詞,ブルブル
無礼,カスタム名詞,ブレイ
ぷいと,カスタム名詞,プイト
ぷりぷり,カスタム名詞,プリプリ
ぷんぷん,カスタム名詞,プンプン
平安,カスタム名詞,ヘイアン
平穏,カスタム名詞,ヘイオン
平気,カスタム名詞,ヘイキ
閉口,カスタム名詞,ヘイコウ
平静,カスタム名詞,ヘイセイ
平然,カスタム名詞,ヘイゼン
へいちゃら,カスタム名詞,ヘイチャラ
辟易,カスタム名詞,ヘキエキ
臍を曲げる,カスタム名詞,ヘソヲマゲル
下手糞,カスタム名詞,ヘタクソ
下手の横好き,カスタム名詞,ヘタノヨコズキ
反吐,カスタム名詞,ヘド
へどもど,カスタム名詞,ヘドモド
偏愛,カスタム名詞,ヘンアイ
べそをかく,カスタム名詞,ベソヲカク
法悦,カスタム名詞,ホウエツ
頬が火照る,カスタム名詞,ホウガホテル
放心,カスタム名詞,ホウシン
放心状態,カスタム名詞,ホウシンジョウタイ
法楽,カスタム名詞,ホウラク
頬を染める,カスタム名詞,ホウヲソメル
朗か,カスタム名詞,ホガラカ
北叟笑む,カスタム名詞,ホクソエム
ほくほく,カスタム名詞,ホクホク
誇らしい,カスタム名詞,ホコラシイ
誇らしさ,カスタム名詞,ホコラシサ
誇り,カスタム名詞,ホコリ
誇る,カスタム名詞,ホコル
綻ばす,カスタム名詞,ホコロバス
綻びる,カスタム名詞,ホコロビル
綻ぶ,カスタム名詞,ホコロブ
ほっと,カスタム名詞,ホット
火照る,カスタム名詞,ホテル
仄仄,カスタム名詞,ホノボノ
微笑み,カスタム名詞,ホホエミ
微笑む,カスタム名詞,ホホエム
頬を染める,カスタム名詞,ホホヲソメル
褒めそやす,カスタム名詞,ホメソヤス
褒め讃える,カスタム名詞,ホメタタエル
褒めちぎる,カスタム名詞,ホメチギル
褒める,カスタム名詞,ホメル
惚れ込む,カスタム名詞,ホレコム
惚れ惚れ,カスタム名詞,ホレボレ
惚れる,カスタム名詞,ホレル
ほろっと,カスタム名詞,ホロット
ほろ苦い,カスタム名詞,ホロニガイ
ほろほろ,カスタム名詞,ホロホロ
ほろり,カスタム名詞,ホロリ
望外,カスタム名詞,ボウガイ
呆然,カスタム名詞,ボウゼン
惘然,カスタム名詞,ボウゼン
茫然,カスタム名詞,ボウゼン
暴慢,カスタム名詞,ボウマン
亡羊の嘆,カスタム名詞,ボウヨウノタン
慕情,カスタム名詞,ボジョウ
母性愛,カスタム名詞,ボセイアイ
勃然,カスタム名詞,ボツゼン
ぼろぼろ,カスタム名詞,ボロボロ
ぼんやりする,カスタム名詞,ボンヤリスル
ぼうっとなる,カスタム名詞,ボーットナル
ぽうっとなる,カスタム名詞,ポウットナル
ぽかんとする,カスタム名詞,ポカントスル
ぽろぽろ,カスタム名詞,ポロポロ
ぽろり,カスタム名詞,ポロリ
まがまがしい,カスタム名詞,マガマガシイ
間が悪い,カスタム名詞,マガワルイ
負け惜しみ,カスタム名詞,マケオシミ
まごつく,カスタム名詞,マゴツク
まごまご,カスタム名詞,マゴマゴ
まさかの,カスタム名詞,マサカノ
不味い,カスタム名詞,マズイ
貧しい,カスタム名詞,マズシイ
まだるっこい,カスタム名詞,マダルッコイ
待ち焦がれる,カスタム名詞,マチコガレル
待ち遠しい,カスタム名詞,マチドウシイ
真っ暗,カスタム名詞,マックラ
真っ青,カスタム名詞,マッサオ
真っ平,カスタム名詞,マッピラ
惑い,カスタム名詞,マドイ
惑う,カスタム名詞,マドウ
惑わす,カスタム名詞,マドワス
眩しい,カスタム名詞,マブシイ
眉が晴れる,カスタム名詞,マユガハレル
眉根を顰める,カスタム名詞,マユネオシカメル
眉を曇らす,カスタム名詞,マユヲクモラス
眉を顰める,カスタム名詞,マユヲシカメル
眉を開く,カスタム名詞,マユヲヒラク
迷い,カスタム名詞,マヨイ
迷う,カスタム名詞,マヨウ
回りくどい,カスタム名詞,マワリクドイ
満悦,カスタム名詞,マンエツ
満更でもない,カスタム名詞,マンザラデモナイ
満足,カスタム名詞,マンゾク
満足感,カスタム名詞,マンゾクカン
満面朱を注ぐ,カスタム名詞,マンメンシュヲソソグ
見上げる,カスタム名詞,ミアゲル
身勝手,カスタム名詞,ミガッテ
見下す,カスタム名詞,ミクダス
見縊る,カスタム名詞,ミクビル
見苦しい,カスタム名詞,ミグルシイ
見事,カスタム名詞,ミゴト
見下げる,カスタム名詞,ミサゲル
惨め,カスタム名詞,ミジメ
惨めさ,カスタム名詞,ミジメサ
みすぼらしい,カスタム名詞,ミスボラシイ
見づらい,カスタム名詞,ミズライ
見染める,カスタム名詞,ミソメル
満たされる,カスタム名詞,ミタサレル
乱れる,カスタム名詞,ミダレル
満ち足りる,カスタム名詞,ミチタリル
みっともない,カスタム名詞,ミットモナイ
みっともよくない,カスタム名詞,ミットモヨクナイ
見惚れる,カスタム名詞,ミトレル
醜い,カスタム名詞,ミニクイ
見憎い,カスタム名詞,ミニクイ
身の毛が弥立つ,カスタム名詞,ミノケガヨダツ
身震いがする,カスタム名詞,ミブルイガスル
みみっちい,カスタム名詞,ミミッチイ
身悶え,カスタム名詞,ミモダエ
身悶える,カスタム名詞,ミモダエル
身も縮む,カスタム名詞,ミモチジム
未練,カスタム名詞,ミレン
未練がましい,カスタム名詞,ミレンガマシイ
身を切られる,カスタム名詞,ミヲキラレル
身を裂く,カスタム名詞,ミヲサク
むかっと,カスタム名詞,ムカット
向っ腹,カスタム名詞,ムカッパラ
向っ腹が立つ,カスタム名詞,ムカッパラガタツ
向っ腹を立てる,カスタム名詞,ムカッパラヲタテル
むかつく,カスタム名詞,ムカツク
むかむか,カスタム名詞,ムカムカ
無我夢中,カスタム名詞,ムガムチュウ
向きになる,カスタム名詞,ムキニナル
無気力,カスタム名詞,ムキリョク
惨たらしい,カスタム名詞,ムゴタラシイ
むさい,カスタム名詞,ムサイ
むさくるしい,カスタム名詞,ムサクルシイ
蒸し暑い,カスタム名詞,ムシアツイ
虫酸が走る,カスタム名詞,ムシズガハシル
むしゃくしゃ,カスタム名詞,ムシャクシャ
むずかる,カスタム名詞,ムズカル
むず痒い,カスタム名詞,ムズガユイ
むずむず,カスタム名詞,ムズムズ
咽び泣き,カスタム名詞,ムセビナキ
咽び泣く,カスタム名詞,ムセビナク
咽ぶ,カスタム名詞,ムセブ
噎せる,カスタム名詞,ムセル
夢中になる,カスタム名詞,ムチュウニナル
むっと,カスタム名詞,ムット
むつまじい,カスタム名詞,ムツマジイ
胸糞が悪い,カスタム名詞,ムナクソガワルイ
胸苦しい,カスタム名詞,ムナグルシイ
胸騒ぎ,カスタム名詞,ムナサワギ
空しい,カスタム名詞,ムナシイ
虚しい,カスタム名詞,ムナシイ
虚しさ,カスタム名詞,ムナシサ
胸躍る,カスタム名詞,ムネオドル
胸を撫で下ろす,カスタム名詞,ムネオナデオロス
胸が熱くなる,カスタム名詞,ムネガアツクナル
胸が痛くなる,カスタム名詞,ムネガイタクナル
胸が一杯になる,カスタム名詞,ムネガイッパイニナル
胸がすく,カスタム名詞,ムネガスク
胸が潰れる,カスタム名詞,ムネガツブレル
胸が詰まる,カスタム名詞,ムネガツマル
胸が轟く,カスタム名詞,ムネガトドロク
胸が弾む,カスタム名詞,ムネガハズム
胸が早鐘を打つ,カスタム名詞,ムネガハヤガネヲウツ
胸が張り裂ける,カスタム名詞,ムネガハリサケル
胸が塞がる,カスタム名詞,ムネガフサガル
胸が震える,カスタム名詞,ムネガフルエル
胸が悪い,カスタム名詞,ムネガワルイ
胸につかえる,カスタム名詞,ムネニツカエル
胸を痛める,カスタム名詞,ムネヲイタメル
胸を打たれる,カスタム名詞,ムネヲウタレル
胸を抉られる,カスタム名詞,ムネヲエグラレル
胸を躍らせる,カスタム名詞,ムネヲオドラセル
胸を焦がす,カスタム名詞,ムネヲコガス
胸を締め付けられる,カスタム名詞,ムネヲシメツケラレル
胸を締められる,カスタム名詞,ムネヲシメラレル
胸を突かれる,カスタム名詞,ムネヲツカレル
胸を膨らませる,カスタム名詞,ムネヲフクラマセル
無念,カスタム名詞,ムネン
無念さ,カスタム名詞,ムネンサ
無念遣る方ない,カスタム名詞,ムネンヤルカタナイ
むらむら,カスタム名詞,ムラムラ
滅入り込む,カスタム名詞,メイリコム
滅入る,カスタム名詞,メイル
迷惑,カスタム名詞,メイワク
目が潤む,カスタム名詞,メガウルム
目頭が熱くなる,カスタム名詞,メガシラガアツクナル
目障り,カスタム名詞,メザワリ
目尻を下げる,カスタム名詞,メジリヲサゲル
めずらしい,カスタム名詞,メズラシイ
めそめそ,カスタム名詞,メソメソ
めでたい,カスタム名詞,メデタイ
目に角を立てる,カスタム名詞,メニカドヲタテル
眩暈,カスタム名詞,メマイ
女々しい,カスタム名詞,メメシイ
メロメロ,カスタム名詞,メロメロ
目を白黒させる,カスタム名詞,メヲシロクロサセル
目をパチクリさせる,カスタム名詞,メヲパチクリサセル
眼を伏せる,カスタム名詞,メヲフセル
目を細める,カスタム名詞,メヲホソメル
目を丸くする,カスタム名詞,メヲマルクスル
目を瞠る,カスタム名詞,メヲミハル
目を剥く,カスタム名詞,メヲムク
面食らう,カスタム名詞,メンクラウ
面倒い,カスタム名詞,メンドイ
面倒,カスタム名詞,メンドウ
面倒臭い,カスタム名詞,メンドウクサイ
面目無い,カスタム名詞,メンボクナイ
盲愛,カスタム名詞,モウアイ
申し分ない,カスタム名詞,モウシブンナイ
申し訳ない,カスタム名詞,モウシワケナイ
燃え尽きる,カスタム名詞,モエツキル
もじもじする,カスタム名詞,モジモジスル
悶え,カスタム名詞,モダエ
悶える,カスタム名詞,モダエル
もどかしい,カスタム名詞,モドカシイ
もどかしがる,カスタム名詞,モドカシガル
もどかしさ,カスタム名詞,モドカシサ
物哀れ,カスタム名詞,モノアワレ
物憂い,カスタム名詞,モノウイ
懶い,カスタム名詞,モノウイ
懶さ,カスタム名詞,モノウサ
物怖じ,カスタム名詞,モノオジ
物恐ろしい,カスタム名詞,モノオソロシイ
物思い,カスタム名詞,モノオモイ
物悲しい,カスタム名詞,モノガナシイ
物悲しさ,カスタム名詞,モノガナシサ
物淋しい,カスタム名詞,モノサビシイ
物寂しい,カスタム名詞,モノサビシイ
物騒がしい,カスタム名詞,モノサワガシイ
物足りない,カスタム名詞,モノタリナイ
物足りなさ,カスタム名詞,モノタリナサ
貰い泣き,カスタム名詞,モライナキ
文句を言う,カスタム名詞,モンクヲイウ
悶絶,カスタム名詞,モンゼツ
悶悶,カスタム名詞,モンモン
喧しい,カスタム名詞,ヤカマシイ
やきもき,カスタム名詞,ヤキモキ
焼き餅を焼く,カスタム名詞,ヤキモチヲヤク
妬く,カスタム名詞,ヤク
自棄糞,カスタム名詞,ヤケクソ
灼け爛れる,カスタム名詞,ヤケタダレル
妬ける,カスタム名詞,ヤケル
灼ける,カスタム名詞,ヤケル
安らか,カスタム名詞,ヤスラカ
安らかさ,カスタム名詞,ヤスラカサ
安らぎ,カスタム名詞,ヤスラギ
安らぐ,カスタム名詞,ヤスラグ
ヤダー,カスタム名詞,ヤダー
やっかい,カスタム名詞,ヤッカイ
やっかみ,カスタム名詞,ヤッカミ
やっかむ,カスタム名詞,ヤッカム
躍起,カスタム名詞,ヤッキ
ヤッター,カスタム名詞,ヤッター
八つ当たり,カスタム名詞,ヤツアタリ
破れかぶれ,カスタム名詞,ヤブレカブレ
野暮ったい,カスタム名詞,ヤボッタイ
疚しい,カスタム名詞,ヤマシイ
やむ無い,カスタム名詞,ヤムナイ
やむを得ない,カスタム名詞,ヤムヲエナイ
ややこしい,カスタム名詞,ヤヤコシイ
遣り切れない,カスタム名詞,ヤリキレナイ
遣る瀬ない,カスタム名詞,ヤルセナイ
遣る瀬なさ,カスタム名詞,ヤルセナサ
やれやれ,カスタム名詞,ヤレヤレ
友愛,カスタム名詞,ユウアイ
憂鬱,カスタム名詞,ユウウツ
憂鬱感,カスタム名詞,ユウウツカン
憂患,カスタム名詞,ユウカン
友誼,カスタム名詞,ユウギ
憂苦,カスタム名詞,ユウク
友好,カスタム名詞,ユウコウ
憂国,カスタム名詞,ユウコク
憂思,カスタム名詞,ユウシ
憂愁,カスタム名詞,ユウシュウ
幽愁,カスタム名詞,ユウシュウ
憂色,カスタム名詞,ユウショク
憂心,カスタム名詞,ユウシン
友情,カスタム名詞,ユウジョウ
悠然,カスタム名詞,ユウゼン
悠長,カスタム名詞,ユウチョウ
憂憤,カスタム名詞,ユウフン
憂悶,カスタム名詞,ユウモン
勇躍,カスタム名詞,ユウヤク
悠悠,カスタム名詞,ユウユウ
悠悠閑閑,カスタム名詞,ユウユウカンカン
悠揚,カスタム名詞,ユウヨウ
憂慮,カスタム名詞,ユウリョ
愉悦,カスタム名詞,ユエツ
愉快,カスタム名詞,ユカイ
揺さ振る,カスタム名詞,ユサブル
揺す振る,カスタム名詞,ユスブル
愉楽,カスタム名詞,ユラク
揺らぐ,カスタム名詞,ユラグ
揺らめく,カスタム名詞,ユラメク
ゆらゆら,カスタム名詞,ユラユラ
ゆらり,カスタム名詞,ユラリ
揺るがす,カスタム名詞,ユルガス
揺るがない,カスタム名詞,ユルガナイ
揺るぎ無い,カスタム名詞,ユルギナイ
揺るぐ,カスタム名詞,ユルグ
揺れ,カスタム名詞,ユレ
揺れる,カスタム名詞,ユレル
好い感情を持つ,カスタム名詞,ヨイカンジョウヲモツ
好い気持ちがしない,カスタム名詞,ヨイキモチガシナイ
好い気持ちはしない,カスタム名詞,ヨイキモチハシナイ
好い心持ち,カスタム名詞,ヨイココロモチ
好い心持ちはしない,カスタム名詞,ヨイココロモチワシナイ
酔う,カスタム名詞,ヨウ
良かった,カスタム名詞,ヨカッタ
好く,カスタム名詞,ヨク
抑鬱,カスタム名詞,ヨクウツ
欲情,カスタム名詞,ヨクジョウ
邪,カスタム名詞,ヨコシマ
横恋慕,カスタム名詞,ヨコレンボ
慶福,カスタム名詞,ヨシトミ
好,カスタム名詞,ヨシミ
よっしゃ,カスタム名詞,ヨッシャ
余憤,カスタム名詞,ヨフン
喜ばしい,カスタム名詞,ヨロコバシイ
喜ばしい訳はない,カスタム名詞,ヨロコバシイワケワナイ
喜ばしさ,カスタム名詞,ヨロコバシサ
喜,カスタム名詞,ヨロコビ
喜び,カスタム名詞,ヨロコビ
喜び狂う,カスタム名詞,ヨロコビクルウ
喜ぶ,カスタム名詞,ヨロコブ
弱り切る,カスタム名詞,ヨワリキル
弱り果てる,カスタム名詞,ヨワリハテル
弱る,カスタム名詞,ヨワル
楽,カスタム名詞,ラク
落胆,カスタム名詞,ラクタン
楽ちん,カスタム名詞,ラクチン
落莫,カスタム名詞,ラクバク
楽楽,カスタム名詞,ラクラク
落涙,カスタム名詞,ラクルイ
ラッキー,カスタム名詞,ラッキー
理屈っぽい,カスタム名詞,リクツッポイ
離愁,カスタム名詞,リシュウ
立腹,カスタム名詞,リップク
慄然,カスタム名詞,リツゼン
溜飲が下がる,カスタム名詞,リュウインガサガル
良好,カスタム名詞,リョウコウ
良心が痛む,カスタム名詞,リョウシンガイタム
慮外,カスタム名詞,リョガイ
旅愁,カスタム名詞,リョシュウ
ルンルン,カスタム名詞,ルンルン
冷静,カスタム名詞,レイセイ
恋愛,カスタム名詞,レンアイ
恋情,カスタム名詞,レンジョウ
廉恥,カスタム名詞,レンチ
憐憫,カスタム名詞,レンビン
恋慕,カスタム名詞,レンボ
恋恋,カスタム名詞,レンレン
労苦,カスタム名詞,ロウク
狼狽,カスタム名詞,ロウバイ
我がまま,カスタム名詞,ワガママ
沸き返る,カスタム名詞,ワキカエル
沸き立つ,カスタム名詞,ワキタツ
惑溺,カスタム名詞,ワクデキ
惑乱,カスタム名詞,ワクラン
わくわく,カスタム名詞,ワクワク
煩い,カスタム名詞,ワズライ
煩う,カスタム名詞,ワズラウ
煩わしい,カスタム名詞,ワズラワシイ
煩わす,カスタム名詞,ワズラワス
蟠り,カスタム名詞,ワダカマリ
蟠る,カスタム名詞,ワダカマル
わっ,カスタム名詞,ワッ
戦慄き,カスタム名詞,ワナナキ
戦慄く,カスタム名詞,ワナナク
わなわな,カスタム名詞,ワナワナ
詫びしい,カスタム名詞,ワビシイ
佗びしい,カスタム名詞,ワビシイ
佗びしがる,カスタム名詞,ワビシガル
佗びしさ,カスタム名詞,ワビシサ
詫びる,カスタム名詞,ワビル
笑い,カスタム名詞,ワライ
笑い顔,カスタム名詞,ワライガオ
笑う,カスタム名詞,ワラウ
悪い,カスタム名詞,ワルイ
悪い気がしない,カスタム名詞,ワルイキガシナイ
悪賢い,カスタム名詞,ワルガシコイ
悪びれる,カスタム名詞,ワルビレル
我を忘れる,カスタム名詞,ワレオワスレル
わぁ,カスタム名詞,ワー
わーい,カスタム名詞,ワーイ
